{
  "input_file": "C:\\workspaces\\sources\\ds_opt_app\\HIghs_test\\payload.variable.json",
  "status": 2,
  "status_name": "2",
  "elapsed_sec": 3.161653757095337,
  "objective_value": 0.005839135412107139,
  "n_active": 3,
  "total_profit": 3300.977042325554,
  "total_setup": 213.86495977693806,
  "x_vals": [
    0.0,
    0.0,
    0.0,
    0.0,
    0.0,
    0.0,
    0.0,
    0.0,
    0.0,
    0.0,
    0.0,
    0.0,
    0.0,
    0.0,
    0.0,
    0.0,
    0.0,
    0.0,
    0.0,
    0.0,
    0.0,
    0.0,
    0.0,
    0.0,
    0.0,
    0.0,
    0.0,
    0.0,
    0.0,
    0.0,
    0.0,
    0.0,
    0.0,
    0.0,
    0.0,
    0.0,
    0.0,
    0.0,
    0.0,
    0.0,
    0.0,
    0.0,
    0.0,
    0.0,
    0.0,
    0.0,
    0.0,
    0.0,
    0.0,
    0.0,
    0.0,
    0.0,
    0.0,
    0.0,
    0.0,
    0.0,
    0.0,
    0.0,
    0.0,
    0.0,
    0.0,
    0.0,
    0.0,
    0.0,
    0.0,
    0.0,
    0.0,
    0.0,
    0.0,
    0.0,
    0.0,
    0.0,
    0.0,
    0.0,
    0.0,
    0.0,
    0.0,
    0.0,
    0.0,
    0.0,
    0.0,
    0.0,
    0.0,
    0.0,
    0.0,
    0.0,
    0.0,
    0.0,
    0.0,
    0.0,
    0.0,
    0.0,
    0.0,
    0.0,
    0.0,
    0.0,
    0.0,
    0.0,
    0.0,
    0.0,
    0.0,
    0.0,
    0.0,
    0.0,
    0.0,
    0.0,
    0.0,
    0.0,
    0.0,
    0.0,
    0.0,
    0.0,
    4.585968817330533,
    0.0,
    0.0,
    0.0,
    0.0,
    0.0,
    0.0,
    0.0,
    0.0,
    0.0,
    0.0,
    0.0,
    0.0,
    0.0,
    0.0,
    0.0,
    0.0,
    0.0,
    0.0,
    0.0,
    0.0,
    0.0,
    10.947977901812347,
    0.0,
    0.0,
    0.0,
    0.0,
    0.0,
    0.0,
    0.0,
    0.0,
    0.0,
    0.0,
    0.0,
    0.0,
    0.0,
    0.0,
    0.0,
    0.0,
    0.0,
    0.0,
    0.0,
    18.56831075536227,
    0.0,
    0.0,
    0.0,
    0.0,
    0.0,
    0.0,
    0.0,
    0.0,
    0.0,
    0.0,
    0.0,
    0.0,
    0.0,
    0.0,
    0.0,
    0.0,
    0.0,
    0.0,
    0.0,
    0.0,
    0.0,
    0.0,
    0.0,
    0.0,
    0.0,
    0.0,
    0.0,
    0.0,
    0.0,
    0.0,
    0.0,
    0.0,
    0.0,
    0.0,
    0.0,
    0.0,
    0.0,
    0.0,
    0.0,
    0.0,
    0.0,
    0.0,
    0.0,
    0.0,
    0.0
  ],
  "y_vals": [
    0.0,
    -0.0,
    -0.0,
    -0.0,
    0.0,
    -0.0,
    -0.0,
    -0.0,
    -0.0,
    -0.0,
    0.0,
    -0.0,
    -0.0,
    -0.0,
    0.0,
    -0.0,
    -0.0,
    -0.0,
    -0.0,
    0.0,
    -0.0,
    0.0,
    -0.0,
    -0.0,
    -0.0,
    -0.0,
    0.0,
    -0.0,
    -0.0,
    0.0,
    0.0,
    0.0,
    0.0,
    -0.0,
    -0.0,
    -0.0,
    -0.0,
    -0.0,
    -0.0,
    -0.0,
    0.0,
    -0.0,
    0.0,
    -0.0,
    -0.0,
    -0.0,
    -0.0,
    -0.0,
    -0.0,
    0.0,
    -0.0,
    -0.0,
    -0.0,
    -0.0,
    -0.0,
    -0.0,
    0.0,
    0.0,
    0.0,
    -0.0,
    0.0,
    0.0,
    0.0,
    -0.0,
    0.0,
    -0.0,
    0.0,
    -0.0,
    0.0,
    -0.0,
    0.0,
    0.0,
    0.0,
    -0.0,
    -0.0,
    -0.0,
    0.0,
    0.0,
    0.0,
    0.0,
    -0.0,
    -0.0,
    -0.0,
    -0.0,
    -0.0,
    -0.0,
    -0.0,
    -0.0,
    -0.0,
    -0.0,
    -0.0,
    -0.0,
    -0.0,
    -0.0,
    -0.0,
    -0.0,
    -0.0,
    -0.0,
    0.0,
    -0.0,
    -0.0,
    -0.0,
    -0.0,
    -0.0,
    -0.0,
    0.0,
    -0.0,
    -0.0,
    0.0,
    0.0,
    -0.0,
    -0.0,
    1.0,
    -0.0,
    0.0,
    -0.0,
    -0.0,
    -0.0,
    -0.0,
    -0.0,
    -0.0,
    -0.0,
    -0.0,
    -0.0,
    0.0,
    -0.0,
    -0.0,
    -0.0,
    0.0,
    -0.0,
    -0.0,
    0.0,
    -0.0,
    -0.0,
    1.0,
    -0.0,
    -0.0,
    -0.0,
    -0.0,
    -0.0,
    -0.0,
    0.0,
    -0.0,
    -0.0,
    -0.0,
    0.0,
    -0.0,
    -0.0,
    0.0,
    0.0,
    -0.0,
    0.0,
    0.0,
    -0.0,
    1.0,
    0.0,
    -0.0,
    -0.0,
    0.0,
    -0.0,
    -0.0,
    -0.0,
    -0.0,
    0.0,
    0.0,
    -0.0,
    0.0,
    0.0,
    0.0,
    -0.0,
    -0.0,
    -0.0,
    -0.0,
    0.0,
    -0.0,
    -0.0,
    -0.0,
    -0.0,
    -0.0,
    0.0,
    -0.0,
    0.0,
    -0.0,
    -0.0,
    0.0,
    -0.0,
    -0.0,
    -0.0,
    0.0,
    0.0,
    0.0,
    -0.0,
    -0.0,
    -0.0,
    -0.0,
    0.0,
    -0.0,
    -0.0,
    -0.0,
    0.0
  ],
  "top_results": [
    {
      "product_index": 154,
      "production": 18.56831075536227,
      "unit_profit": 98.70854086995406,
      "setup_cost": 81.75593633019344,
      "total_profit": 1832.8508610816841
    },
    {
      "product_index": 134,
      "production": 10.947977901812347,
      "unit_profit": 94.86187335212672,
      "setup_cost": 70.70118890978874,
      "total_profit": 1038.545693183605
    },
    {
      "product_index": 112,
      "production": 4.585968817330533,
      "unit_profit": 93.67278871083158,
      "setup_cost": 61.40783453695588,
      "total_profit": 429.5804880602652
    }
  ]
}